query_seq,query_meta,lookup_seq,D_score,lookup_entry,lookup_pfam,lookup_protein_names
GIVEQCCTSICSLYQLENYCN,>1A7F_1|Chain A|INSULIN|Homo sapiens (9606),RSCPRIWMECTRDSDCMAKCICVAGHCG,0.9999645,P30709,PF00299;,Trypsin inhibitor A
GIVEQCCTSICSLYQLENYCN,>1A7F_1|Chain A|INSULIN|Homo sapiens (9606),CSCADMTDKECLYFCHQDVIW,0.999964,P80163,PF00322;,Bibrotoxin (BTX)
GIVEQCCTSICSLYQLENYCN,>1A7F_1|Chain A|INSULIN|Homo sapiens (9606),CTCKDMTDKECLYFCHQDIIW,0.9999628,P13211,PF00322;,Sarafotoxin-D (SRTX-D) (S6D)
GIVEQCCTSICSLYQLENYCN,>1A7F_1|Chain A|INSULIN|Homo sapiens (9606),RICPRILMECKADSDCLAQCICEESGFCG,0.99996257,P83394,PF00299;,Trypsin inhibitor 3 (CyPTI-III) (Trypsin inhibitor III) [Cleaved into: Trypsin inhibitor 1 (CyPTI-I) (Trypsin inhibitor I)]
GIVEQCCTSICSLYQLENYCN,>1A7F_1|Chain A|INSULIN|Homo sapiens (9606),RICPRILMECSSDSDCLAECICLEQDGFCG,0.9999622,P25850,PF00299;,Trypsin inhibitor 2 (LCTI-II) (Trypsin inhibitor II)
GIVEQCCTSICSLYQLENYCN,>1A7F_1|Chain A|INSULIN|Homo sapiens (9606),RICPRILMECKADSDCLAQCICQENGFCG,0.9999621,P83395,PF00299;,Trypsin inhibitor 4 (CyPTI-IV) (Trypsin inhibitor IV)
GIVEQCCTSICSLYQLENYCN,>1A7F_1|Chain A|INSULIN|Homo sapiens (9606),RICPRILMECSSDSDCLAECICLEQGFCG,0.99996054,P25849,PF00299;,Trypsin inhibitor 1 (LCTI-I) (Trypsin inhibitor I)
GIVEQCCTSICSLYQLENYCN,>1A7F_1|Chain A|INSULIN|Homo sapiens (9606),RICPRIWMECKRDSDCMAQCICVDGHCG,0.99996054,P10295,PF00299;,Trypsin inhibitor 2 (MCTI-A) (MCTI-II) (Trypsin inhibitor II)
GIVEQCCTSICSLYQLENYCN,>1A7F_1|Chain A|INSULIN|Homo sapiens (9606),RICPRILMECKADSDCLAQCICQESGFCG,0.9999604,P83396,PF00299;,Trypsin inhibitor 5 (CyPTI-V) (Trypsin inhibitor V) [Cleaved into: Trypsin inhibitor 2 (CyPTI-II) (Trypsin inhibitor II)]
GIVEQCCTSICSLYQLENYCN,>1A7F_1|Chain A|INSULIN|Homo sapiens (9606),SCNNSCQQHSQCASHCVCLLNKCRTVN,0.9999592,P83390,PF07473;,Conotoxin
GIVEQCCTSICSLYQLENYCN,>1A7F_1|Chain A|INSULIN|Homo sapiens (9606),GRRCPRIYMECKRDADCLADCVCLQHGICG,0.999959,P11969,PF00299;,Trypsin inhibitor 1 (CVTI-I) (Trypsin inhibitor I)
GIVEQCCTSICSLYQLENYCN,>1A7F_1|Chain A|INSULIN|Homo sapiens (9606),VGCEECPMHCKGKKALPTCDYGCECND,0.9999586,B3EWX9,PF05453;,Potassium channel toxin alpha-KTx 9.11 (Toxin MegKTx2)
GIVEQCCTSICSLYQLENYCN,>1A7F_1|Chain A|INSULIN|Homo sapiens (9606),ARICPRILMKCKKDSDCLAECICQEHGFCG,0.999958,P83398,PF00299;,Trypsin inhibitor 7 (CyPTI-VII) (Trypsin inhibitor VII)
GIVEQCCTSICSLYQLENYCN,>1A7F_1|Chain A|INSULIN|Homo sapiens (9606),RICPRILMECSSDSDCLAECICLENGFCG,0.99995726,Q9S8I2,PF00299;,Trypsin inhibitor 3 (LCTI-III) (Trypsin inhibitor III)
GIVEQCCTSICSLYQLENYCN,>1A7F_1|Chain A|INSULIN|Homo sapiens (9606),GKCGDINAPCKAECDCCGYTTCDCYWGN,0.99995697,P85264,,U15-ctenitoxin-Co1a (U15-CNTX-Co1a) (Neurotoxin Oc M33-7)
GIVEQCCTSICSLYQLENYCN,>1A7F_1|Chain A|INSULIN|Homo sapiens (9606),QRMCPKILMKCKQDSDCLLDCVCLKEGFCG,0.99995697,P32041,PF00299;,Trypsin inhibitor 3 (CMCTI-III) (Trypsin inhibitor III) [Cleaved into: Trypsin inhibitor 2 (CMCT-II) (CMeTI-A) (Trypsin inhibitor II); Trypsin inhibitor 1 (CMCTI-I) (Trypsin inhibitor I)]
GIVEQCCTSICSLYQLENYCN,>1A7F_1|Chain A|INSULIN|Homo sapiens (9606),ERGCPRILKQCKQDSDCPGECICMAHGFCG,0.9999567,Q9S747,PF00299;,Trypsin inhibitor 3 (MCTI-III) (Trypsin inhibitor III)
GIVEQCCTSICSLYQLENYCN,>1A7F_1|Chain A|INSULIN|Homo sapiens (9606),RVCPRILMECKKDSDCLAECVCLEHGYCG,0.9999567,P01074,PF00299;,Trypsin inhibitor 1 (CMTI-I) (ITD-I) (Trypsin inhibitor I)
GIVEQCCTSICSLYQLENYCN,>1A7F_1|Chain A|INSULIN|Homo sapiens (9606),GSCLELGKYCDGSKDDCQCCRDNAYCGCDIFGYNWE,0.9999562,P85145,PF08396;,U14-ctenitoxin-Co1b (U14-CNTX-Co1b) (Venom protein Oct F17-12)
GIVEQCCTSICSLYQLENYCN,>1A7F_1|Chain A|INSULIN|Homo sapiens (9606),ICPRILMPCSSDSDCLAECICLENGFCG,0.999956,P35628,PF00299;,Trypsin inhibitor 4 (TGTI-I) (Trypsin inhibitor I)
GIVEQCCTSICSLYQLENYCN,>1A7F_1|Chain A|INSULIN|Homo sapiens (9606),GICPRILMECKRDSDCLAQCVCKRQGYCG,0.99995565,P17680,PF00299;,Trypsin inhibitor 1 (MRTI-I) (Trypsin inhibitor I)
GIVEQCCTSICSLYQLENYCN,>1A7F_1|Chain A|INSULIN|Homo sapiens (9606),GSTSECFWKYCV,0.999955,P81022,PF02083;,Urotensin-2 (Urotensin II) (U-II) (UII)
GIVEQCCTSICSLYQLENYCN,>1A7F_1|Chain A|INSULIN|Homo sapiens (9606),QRRCPRIYMECKHDSDCLADCVCLEHGICG,0.999955,P26771,PF00299;,Trypsin inhibitor 1 (LLDTI-I) (LLTI-I) (Trypsin inhibitor I) [Cleaved into: Trypsin inhibitor 2 (LLDTI-II) (LLTI-II) (Trypsin inhibitor II)]
GIVEQCCTSICSLYQLENYCN,>1A7F_1|Chain A|INSULIN|Homo sapiens (9606),ARICPRILMKCKKDSDCLAECICEEHGFCG,0.9999548,P83397,PF00299;,Trypsin inhibitor 6 (CyPTI-VI) (Trypsin inhibitor VI)
GIVEQCCTSICSLYQLENYCN,>1A7F_1|Chain A|INSULIN|Homo sapiens (9606),GMGIGINLPPCIKNGEYCNPWTGSIILGGACCGTCTDYECH,0.9999545,P0CI16,,Augerpeptide hhe6.1
GIVEQCCTSICSLYQLENYCN,>1A7F_1|Chain A|INSULIN|Homo sapiens (9606),TVTCGQVASALSPCIDYLQKDGAVPAGSCCXKXLSSA,0.99995446,P80274,,Non-specific lipid-transfer protein P4 (LTP P4)
GIVEQCCTSICSLYQLENYCN,>1A7F_1|Chain A|INSULIN|Homo sapiens (9606),TWEECCKNPGCRNNHVDRCRGQV,0.9999542,C0HJA8,,Alpha-conotoxin-like RgIB (Alpha-RGIB)
GIVEQCCTSICSLYQLENYCN,>1A7F_1|Chain A|INSULIN|Homo sapiens (9606),MVCPKILMKCKHDSDCLLDCVCLEDIGYCGVS,0.999954,P10291,PF00299;,Trypsin inhibitor 2b (CSTI-IIB) (Trypsin inhibitor IIB)
GIVEQCCTSICSLYQLENYCN,>1A7F_1|Chain A|INSULIN|Homo sapiens (9606),AELTSCFPVDHECDGGASNCNCCGDDVYCA,0.9999538,P84063,PF08396;,U5-ctenitoxin-Pk1b (U5-CNTX-Pk1b) (Neurotoxin PKTx16C1) (Neurotoxin PKTx1B)
GIVEQCCTSICSLYQLENYCN,>1A7F_1|Chain A|INSULIN|Homo sapiens (9606),RGCIELGEDCDGSKDDCQCCRDNGFCSCYTFPYKWGCIC,0.99995375,P85272,PF08396;,U2-ctenitoxin-Co1a (U2-CNTX-Co1a) (Neurotoxin Oc F22)
GIVEQCCTSICSLYQLENYCN,>1A7F_1|Chain A|INSULIN|Homo sapiens (9606),QLCGRGFIRAIIFACGGSRWATSPAMSIKCCIYGCTKKDISVLC,0.99995375,P01349,PF03488;,Relaxin [Cleaved into: Relaxin B chain; Relaxin A chain]
GIVEQCCTSICSLYQLENYCN,>1A7F_1|Chain A|INSULIN|Homo sapiens (9606),ITCGQVTSQVAGCLSYLQRGGAPAPXXXXGIRNLXXMA,0.99995357,P83139,,Antifungal protein 5 (CW-5)
GIVEQCCTSICSLYQLENYCN,>1A7F_1|Chain A|INSULIN|Homo sapiens (9606),AVPCGQVSSALSPCMSYLTGGGDDPEARCCAGV,0.9999533,C0HJH5,,Non-specific lipid-transfer protein (McLTP1)
GIVEQCCTSICSLYQLENYCN,>1A7F_1|Chain A|INSULIN|Homo sapiens (9606),HEERVCPKILMECKKDSDCLAECICLEHGYCG,0.99995327,P10293,PF00299;,Trypsin inhibitor 3 (CPTI-III) (Trypsin inhibitor III) [Cleaved into: Trypsin inhibitor 2 (CPTI-II) (Trypsin inhibitor II)]
GIVEQCCTSICSLYQLENYCN,>1A7F_1|Chain A|INSULIN|Homo sapiens (9606),CPRILMKCKLDTDCFPTCTCRPSGFCG,0.99995303,P84452,PF00299;,Trypsin inhibitor 5 (SETI-V) (Trypsin inhibitor V)
GIVEQCCTSICSLYQLENYCN,>1A7F_1|Chain A|INSULIN|Homo sapiens (9606),QRACPRILKKCRRDSDCPGECICKENGYCG,0.9999529,P82410,PF00299;,Trypsin inhibitor 3 (MCoTI-III) (Trypsin inhibitor III)
GIVEQCCTSICSLYQLENYCN,>1A7F_1|Chain A|INSULIN|Homo sapiens (9606),RPNWEERSRLCGRDLIRAFIYLCGGTRWTRLPNFGNYPIMEEKMGFAKKCCAIGCSTEDFRMVC,0.9999529,P11952,,Relaxin [Cleaved into: Relaxin B chain; Relaxin A chain]
GIVEQCCTSICSLYQLENYCN,>1A7F_1|Chain A|INSULIN|Homo sapiens (9606),IRCQGSNQCYGHCREKTGCPNGKCID,0.9999528,P86115,PF00451;,Potassium channel toxin alpha-KTx6 OcyKTx1
GIVEQCCTSICSLYQLENYCN,>1A7F_1|Chain A|INSULIN|Homo sapiens (9606),AVITGACERDVQCGGGTCCAVSLI,0.9999527,P84909,PF06607;,Prokineticin 1-like protein
GIVEQCCTSICSLYQLENYCN,>1A7F_1|Chain A|INSULIN|Homo sapiens (9606),QSFKNAEPGIKLCGREFIRAVIYTCGGSRWEGSPGMSSKCCTYGCTRKDISILC,0.99995255,P11953,PF03488;,Relaxin [Cleaved into: Relaxin B chain; Relaxin A chain]
GIVEQCCTSICSLYQLENYCN,>1A7F_1|Chain A|INSULIN|Homo sapiens (9606),ACEVTQLAVCASAILGGTKPSGECCGNL,0.9999523,P39085,,Non-specific lipid-transfer protein 2 (LTP 2) (W-FABP)
GIVEQCCTSICSLYQLENYCN,>1A7F_1|Chain A|INSULIN|Homo sapiens (9606),GNCLELGEYCDGSKDDCQCCRDNAYCGCDIF,0.9999522,P85273,PF08396;,U14-ctenitoxin-Co1a (U14-CNTX-Co1a) (Neurotoxin Oc M20-3)
GIVEQCCTSICSLYQLENYCN,>1A7F_1|Chain A|INSULIN|Homo sapiens (9606),DCEQHTDCSAASGPVYCCQDSDCCGGVDYICTNYGQCVRHF,0.9999522,P0C1T8,,Augerpeptide-s11a (Agx-s11a)
GIVEQCCTSICSLYQLENYCN,>1A7F_1|Chain A|INSULIN|Homo sapiens (9606),RGCPRILMRCKRDSDCLAGCVCQKNGYCG,0.99995136,P11968,PF00299;,Trypsin inhibitor 2 (BDTI-II) (Trypsin inhibitor II)
GIVEQCCTSICSLYQLENYCN,>1A7F_1|Chain A|INSULIN|Homo sapiens (9606),HEERVCPRILMKCKKDSDCLAECVCLEHGYCG,0.9999512,P07853,PF00299;,Trypsin inhibitor 4 (CMTI-IV) (Trypsin inhibitor IV) [Cleaved into: Trypsin inhibitor 3 (CMTI-III) (ITD-III) (Trypsin inhibitor III)]
GIVEQCCTSICSLYQLENYCN,>1A7F_1|Chain A|INSULIN|Homo sapiens (9606),MMCPRILMKCKHDSDCLPGCVCLEHIEYCG,0.99995106,P10292,PF00299;,Trypsin inhibitor 4 (CSTI-IV) (Trypsin inhibitor IV)
GIVEQCCTSICSLYQLENYCN,>1A7F_1|Chain A|INSULIN|Homo sapiens (9606),GCCSHPACNVNNPHICG,0.99995106,P0C1R7,PF07365;,Alpha-conotoxin OmIA
GIVEQCCTSICSLYQLENYCN,>1A7F_1|Chain A|INSULIN|Homo sapiens (9606),LQCYSCINQVDCTSVINCTXNQDACLY,0.9999508,P58020,,CD59 glycoprotein (Complement inhibitory protein) (CIP) (MAC-inhibitory protein) (MAC-IP) (Membrane attack complex inhibition factor) (MACIF) (Protectin) (CD antigen CD59)
GIVEQCCTSICSLYQLENYCN,>1A7F_1|Chain A|INSULIN|Homo sapiens (9606),EEDRKCPKILMRCKRDSDCLAKCTCQESGYCG,0.99995077,P84451,PF00299;,Trypsin inhibitor 2b (SETI-IIb) (Trypsin inhibitor IIb) [Cleaved into: Trypsin inhibitor 2a (SETI-IIa) (Trypsin inhibitor IIa)]
GIVEQCCTSICSLYQLENYCN,>1A7F_1|Chain A|INSULIN|Homo sapiens (9606),GSNTECFWKYCV,0.99995077,P04559,PF02083;,Urotensin-2B (Urotensin IIB) (U-IIB) (UIIB)
GIVEQCCTSICSLYQLENYCN,>1A7F_1|Chain A|INSULIN|Homo sapiens (9606),GKCGDINAGCSSDCDCCGSSVTCDCAIRKKF,0.9999507,P85263,,U13-ctenitoxin-Co1a (U13-CNTX-Co1a) (Neurotoxin Oc M14-9)
GIVEQCCTSICSLYQLENYCN,>1A7F_1|Chain A|INSULIN|Homo sapiens (9606),ERRCPRILKQCKRDSDCPGECICMAHGFCG,0.99995065,P10294,PF00299;,Trypsin inhibitor 1 (MCTI-I) (Trypsin inhibitor I)
GIVEQCCTSICSLYQLENYCN,>1A7F_1|Chain A|INSULIN|Homo sapiens (9606),DPCYEVCLQQHGNVKECEEACKHPVEY,0.9999504,P0C1Z3,,Potassium channel toxin kappa-KTx 2.2 (Toxin OmTx2) [Cleaved into: Potassium channel toxin kappa-KTx 2.1 (Toxin OmTx1); Potassium channel toxin kappa-KTx 2.4 (Toxin OmTx4)]
GIVEQCCTSICSLYQLENYCN,>1A7F_1|Chain A|INSULIN|Homo sapiens (9606),SCIKIGEDCDGDKDDCQCCRTNGYCSXYXLFGYLKSG,0.9999503,P81746,PF08396;,Omega-agatoxin-Aa3d (Omega-AGTX-Aa3d) (Omega-agatoxin IIID) (Omega-Aga-IIID) (Omega-agatoxin-3D)
GIVEQCCTSICSLYQLENYCN,>1A7F_1|Chain A|INSULIN|Homo sapiens (9606),KKDGYIVDSNGCAPECFPTNXGC,0.9999503,P0C2A0,PF00537;,Toxin Acra2
GIVEQCCTSICSLYQLENYCN,>1A7F_1|Chain A|INSULIN|Homo sapiens (9606),KDGYLVGTDGCKYGCFTRPGHFCANEECL,0.99995023,P60262,,Toxin TdII-3
GIVEQCCTSICSLYQLENYCN,>1A7F_1|Chain A|INSULIN|Homo sapiens (9606),GSCLELGEYCNGSKDDCQCCRDNAYCGCDIF,0.9999502,P85146,PF08396;,U14-ctenitoxin-Co1c (U14-CNTX-Co1c) (Venom protein Oct F18-6)
GIVEQCCTSICSLYQLENYCN,>1A7F_1|Chain A|INSULIN|Homo sapiens (9606),GCPRILMRCKQDSDCLAGCVCGPNGFCGSP,0.9999499,P12071,PF00299;,Trypsin inhibitor 2 (EETI-II) (Trypsin inhibitor II)
GIVEQCCTSICSLYQLENYCN,>1A7F_1|Chain A|INSULIN|Homo sapiens (9606),DICDIAIAQCSLTLCQDCENTPICELAVKGSCPPPWS,0.9999498,P58548,PF06360;,Mating pheromone Er-22 (Euplomone R22)
GIVEQCCTSICSLYQLENYCN,>1A7F_1|Chain A|INSULIN|Homo sapiens (9606),GCCSHPPCNVNNPHICG,0.9999498,P0DUR2,PF07365;,Alpha-conotoxin In1761
GIVEQCCTSICSLYQLENYCN,>1A7F_1|Chain A|INSULIN|Homo sapiens (9606),ALTCSDVSNKISPCLSYLKQGGEVPADCCAGVKGLND,0.9999497,P0C088,,Non-specific lipid-transfer protein (LTP) (Pollen allergen Art v 3) (allergen Art v 3)
GIVEQCCTSICSLYQLENYCN,>1A7F_1|Chain A|INSULIN|Homo sapiens (9606),LTCLICPEKYCNKVHTCLNGEKIYDQRKYIRGCADTCPVRKPREIVECCSTDK,0.9999496,P0DSM9,,Weak toxin NWT
GIVEQCCTSICSLYQLENYCN,>1A7F_1|Chain A|INSULIN|Homo sapiens (9606),ARIECDCGSIENPCCYATTCKLRPGSQCAEGM,0.9999496,C0HLL1,,Zinc metalloproteinase/disintegrin-like CdtV1 (SVMP) [Cleaved into: Zinc metalloproteinase/disintegrin-like CdtV2; Zinc metalloproteinase/disintegrin-like CdtV3]
GIVEQCCTSICSLYQLENYCN,>1A7F_1|Chain A|INSULIN|Homo sapiens (9606),AGTADCFWKYCV,0.9999494,P01147,PF02083;,Urotensin-2 (Urotensin II) (U-II) (UII)
GIVEQCCTSICSLYQLENYCN,>1A7F_1|Chain A|INSULIN|Homo sapiens (9606),VDACYEACMHHHMNSDDCIEACKNPVPP,0.99994934,C0HKB3,,Potassium channel toxin kappa-KTx 2.9 (Potassium channel-blocking toxin 6) (Pi6)
GIVEQCCTSICSLYQLENYCN,>1A7F_1|Chain A|INSULIN|Homo sapiens (9606),QSTNDLIKACGRELVRLWVEICGSVSWGRTALRMTLSEKCCQVGCIRKDIARLC,0.9999493,P11185,PF00049;,Relaxin [Cleaved into: Relaxin B chain; Relaxin A chain]
GIVEQCCTSICSLYQLENYCN,>1A7F_1|Chain A|INSULIN|Homo sapiens (9606),SSTCIRTDQPCPYNESCCSGSCTYKANENGNQVKRCD,0.9999492,P0C2L7,PF06357;,Omega-hexatoxin-Hi1c (Omega-HXTX-Hi1c) (Omega-atracotoxin-Hi1c) (AcTx-Hi1) (Omega-AcTx-Hi1c)
GIVEQCCTSICSLYQLENYCN,>1A7F_1|Chain A|INSULIN|Homo sapiens (9606),FTCAISCDIKVNGKPCKGSGEKKCSGGWSCKFNVCVKV,0.9999491,B3EWQ0,PF08089;,U-theraphotoxin-Aju1a (U-TRTX-Aju1a) (Juruin)
GIVEQCCTSICSLYQLENYCN,>1A7F_1|Chain A|INSULIN|Homo sapiens (9606),GGNTECFWKYCV,0.9999489,P04561,PF02083;,Urotensin II-beta (U-II-beta) (UII-beta)
GIVEQCCTSICSLYQLENYCN,>1A7F_1|Chain A|INSULIN|Homo sapiens (9606),SFREQCVPGREITYECLNACAEYAVRQ,0.99994886,P81496,,Allergen C-C
GIVEQCCTSICSLYQLENYCN,>1A7F_1|Chain A|INSULIN|Homo sapiens (9606),DVEPLLGFLSPKSGQENEVDDFPYKGQGELXXGIVEQCCHKPCNIFDLQNYCN,0.9999488,P41522,PF00049;,Insulin [Cleaved into: Insulin A chain]
GIVEQCCTSICSLYQLENYCN,>1A7F_1|Chain A|INSULIN|Homo sapiens (9606),GFLDKVIKVCGRDLVRIKIDICGKILLGDMTTGQEKQRILGSGQSAEIMPSSINKEVDSLNMLESIANLPEELRAMLPEKQPSSPQLQQYVPALKNSNVAVKELNKIIRGRQEEAEDNSHSLLKDFNLNIYSPKKRQLDMTVSEKCCQVGCTRRFIANSC,0.99994874,P51453,PF00049;,Prorelaxin [Cleaved into: Relaxin B chain; Relaxin A chain]
GIVEQCCTSICSLYQLENYCN,>1A7F_1|Chain A|INSULIN|Homo sapiens (9606),DCVGESQQCADWAGPHCCDGYYCTCRYFPKCICVNNN,0.9999485,P11062,PF05980;,Mu-agatoxin-Aa1f (Mu-AGTX-Aa1f) (Mu-agatoxin VI) (Mu-Aga VI) (Mu-agatoxin-6)
GIVEQCCTSICSLYQLENYCN,>1A7F_1|Chain A|INSULIN|Homo sapiens (9606),GFCAEAGIKCNDIHCCGNLKCKAVGSNRV,0.9999484,P85236,,U20-ctenitoxin-Co1a (U20-CNTX-Co1a) (Venom peptide Oc F9-5)
GIVEQCCTSICSLYQLENYCN,>1A7F_1|Chain A|INSULIN|Homo sapiens (9606),ITFSKIYRSCKSDSDCGNQKCARGRCV,0.99994826,P85029,,U18-ctenitoxin-Co1a (U18-CNTX-Co1a) (Venom peptide F13-4) [Cleaved into: Venom peptide Oc F7-3]
GIVEQCCTSICSLYQLENYCN,>1A7F_1|Chain A|INSULIN|Homo sapiens (9606),MTSVQSVTCCCLLWLMLSVQPITPGSPGPAQLSRERSFKFLSGGFKEIVCHRYCAKGIAKEFCNCPDKRDVVSPRIRRRKRSKAM,0.99994826,P58844,,Scratcher peptide
GIVEQCCTSICSLYQLENYCN,>1A7F_1|Chain A|INSULIN|Homo sapiens (9606),STCTPTDQPCPYHESCCSGSCTYKANENGNQVKRCD,0.99994826,P0C2L5,PF06357;,Omega-hexatoxin-Hi1a (Omega-HXTX-Hi1a) (Omega-atracotoxin-Hi1a) (AcTx-Hi1) (Omega-AcTx-Hi1a)
GIVEQCCTSICSLYQLENYCN,>1A7F_1|Chain A|INSULIN|Homo sapiens (9606),GPSSCKADEEPCEYHADCCNCCLSGICAPSTNWILPGCSTSSFFKI,0.99994797,P0C611,PF08088;,Iota-conotoxin-like Fi11.8
GIVEQCCTSICSLYQLENYCN,>1A7F_1|Chain A|INSULIN|Homo sapiens (9606),LKCYSSRTETMTCPEGKDKCEKYAV,0.99994785,Q9PRQ4,,Nicotinic acetylcholine receptor-binding protein Mnn-4 (Three-finger toxin) (3FTx)
GIVEQCCTSICSLYQLENYCN,>1A7F_1|Chain A|INSULIN|Homo sapiens (9606),ACVPVYKECWYPQKPCCEDRVCQCSFGMTN,0.9999478,P85268,PF02819;,U10-ctenitoxin-Co1b (U10-CNTX-Co1b) (Neurotoxin Oc M31-11)
GIVEQCCTSICSLYQLENYCN,>1A7F_1|Chain A|INSULIN|Homo sapiens (9606),SGSDGGVCPKILKKCRRDSDCPGACICRGNGYCG,0.9999477,P82409,PF00299;,Trypsin inhibitor 2 (MCoTI-II) (Trypsin inhibitor II)
GIVEQCCTSICSLYQLENYCN,>1A7F_1|Chain A|INSULIN|Homo sapiens (9606),YCQKFLWTCDTERKCCEDMVCELWCKYKE,0.9999477,P0DQO6,,Lambda-theraphotoxin-Ec2b (Lambda-TRTX-Ec2b) (Kappa-theraphotoxin-Ec2b) (Kappa-TRTX-Ec2b)
GIVEQCCTSICSLYQLENYCN,>1A7F_1|Chain A|INSULIN|Homo sapiens (9606),RTCLISPSSTSQTCPKGQDICFTKAFCDRWCSSRGPVIEQGCAATCPEFTSRYKSLLCCTTDNCNH,0.9999475,P15815,,Kappa-flavitoxin (Kappa-ftx) (Kappa-fvt) (Long neurotoxin 2)
GIVEQCCTSICSLYQLENYCN,>1A7F_1|Chain A|INSULIN|Homo sapiens (9606),GPSFCKADEKPCEYHADCCNCCLSGICAPSTNWILPGCSTSSFFKI,0.9999472,Q7Z094,PF08088;,Iota-conotoxin RXIA (R11.6) (r11a)
GIVEQCCTSICSLYQLENYCN,>1A7F_1|Chain A|INSULIN|Homo sapiens (9606),NIVDVPCRDDYYRDSSGNGVYDQLGGCGAA,0.9999472,P86465,,U-actitoxin-Bcg2a (U-AITX-Bcg2a) (AnmTX BC 9a-3) (Bcg III 21.75) (Bcg 21.75)
GIVEQCCTSICSLYQLENYCN,>1A7F_1|Chain A|INSULIN|Homo sapiens (9606),ATCAGQDKPCKVNCDCCGERGECVCGGPCICRQGNVFIAWSKLMTCK,0.9999471,P84028,PF17492;,Delta-ctenitoxin-Asp2e (Delta-CNTX-Asp2e) (Neurotoxin ANC45C1)
GIVEQCCTSICSLYQLENYCN,>1A7F_1|Chain A|INSULIN|Homo sapiens (9606),ECLGFGKGCNPSNDQCCKSANLVCSRKHRWCKYEI,0.9999471,P60975,PF07740;,Mu-theraphotoxin-Hhn1a (Mu-TRTX-Hhn1a) (Hainantoxin-5) (Hainantoxin-V) (HnTX-V)
GIVEQCCTSICSLYQLENYCN,>1A7F_1|Chain A|INSULIN|Homo sapiens (9606),ECVPENGHCRDWYDECCEGFYCSCRQPPKCICRNNN,0.9999471,P11057,PF05980;,Mu-agatoxin-Aa1a (Mu-AGTX-Aa1a) (Mu-agatoxin I) (Mu-agatoxin-1)
GIVEQCCTSICSLYQLENYCN,>1A7F_1|Chain A|INSULIN|Homo sapiens (9606),GFGCYRSCWKAGHDEETCKKECS,0.999947,P83655,PF08095;,Potassium channel toxin kappa-KTx 1.3 (Kappa-hefutoxin 3)
GIVEQCCTSICSLYQLENYCN,>1A7F_1|Chain A|INSULIN|Homo sapiens (9606),ECKWYLGTCSKDGDCCKHLQCHSNYE,0.999947,P0CH59,PF07740;,Hainantoxin F1-31.97 (Peptide F1-31.97)
GIVEQCCTSICSLYQLENYCN,>1A7F_1|Chain A|INSULIN|Homo sapiens (9606),YCQKFLWTCDTERKCCEDMVCELWCKLEK,0.9999467,P0DQO5,,Lambda-theraphotoxin-Ec2a (Lambda-TRTX-Ec2a) (Kappa-theraphotoxin-Ec2a) (Kappa-TRTX-Ec2a)
GIVEQCCTSICSLYQLENYCN,>1A7F_1|Chain A|INSULIN|Homo sapiens (9606),GPSFCKADEKPCEYHSDCCNCCLSGICAPSTNWILPGCSTSSFFKI,0.99994653,Q7Z095,PF08088;,Iota-conotoxin-like R11.7
GIVEQCCTSICSLYQLENYCN,>1A7F_1|Chain A|INSULIN|Homo sapiens (9606),GFLSALKKYLPIVLKHV,0.9999465,P0CD70,,Osmin
GIVEQCCTSICSLYQLENYCN,>1A7F_1|Chain A|INSULIN|Homo sapiens (9606),EWCGTNSDCGEGECCTGGSFNRH,0.99994624,P85237,,U22-ctenitoxin-Co1a (U22-CNTX-Co1a) (Venom protein Oc F26-6)
GIVEQCCTSICSLYQLENYCN,>1A7F_1|Chain A|INSULIN|Homo sapiens (9606),GSGADCFWKYCV,0.9999462,P04558,PF02083;,Urotensin-2A (Urotensin IIA) (U-IIA) (UIIA)
GIVEQCCTSICSLYQLENYCN,>1A7F_1|Chain A|INSULIN|Homo sapiens (9606),EEERICPLIWMECKRDSDCLAQCICVDGHCG,0.9999461,P10296,PF00299;,Elastase inhibitor 4 (Elastase inhibitor IV) (MCEI-IV) [Cleaved into: Elastase inhibitor 3 (Elastase inhibitor III) (MCEI-III); Elastase inhibitor 2 (Elastase inhibitor II) (MCEI-II); Elastase inhibitor 1 (Elastase inhibitor I) (MCEI-I)]
GIVEQCCTSICSLYQLENYCN,>1A7F_1|Chain A|INSULIN|Homo sapiens (9606),DECCAIPFCAKIFPGRCP,0.9999461,P0DM99,,Conotoxin pc1A
GIVEQCCTSICSLYQLENYCN,>1A7F_1|Chain A|INSULIN|Homo sapiens (9606),EGAPKRLTYDEIQSKTYMEVKGTGTANQCPT,0.99994594,P83504,,"Oxygen-evolving enhancer protein 1, chloroplastic (OEE1)"
GIVEQCCTSICSLYQLENYCN,>1A7F_1|Chain A|INSULIN|Homo sapiens (9606),ACVGENKQCADWAGPHCCDGYYCTCRYFPKCICRNNN,0.9999459,P11061,PF05980;,Mu-agatoxin-Aa1e (Mu-AGTX-Aa1e) (Mu-agatoxin V) (Mu-Aga V) (Mu-agatoxin-5)
GIVEQCCTSICSLYQLENYCN,>1A7F_1|Chain A|INSULIN|Homo sapiens (9606),ISCQDVKQSLAPCLPYVTGRAPKPAPGCCNGINHL,0.9999458,P86527,PF14368;,Non-specific lipid-transfer protein 1 (LTP 1)
FVNQHLCGSHLVEALELVCGERGGFYTPK,>1A7F_2|Chain B|INSULIN|Homo sapiens (9606),LDEFRVYSDDANKYKISIPQD,0.9999745,P82681,,Thylakoid lumenal 13.8 kDa protein (P13.8)
FVNQHLCGSHLVEALELVCGERGGFYTPK,>1A7F_2|Chain B|INSULIN|Homo sapiens (9606),IVGGMEATPHSWPHQVA,0.9999734,P81609,,Collagenolytic protease (EC 3.4.21.32) (CSC)
FVNQHLCGSHLVEALELVCGERGGFYTPK,>1A7F_2|Chain B|INSULIN|Homo sapiens (9606),SVAALAAQGLLYNAPK,0.9999715,B3EWM9,,APK peptide
FVNQHLCGSHLVEALELVCGERGGFYTPK,>1A7F_2|Chain B|INSULIN|Homo sapiens (9606),NLLQFGYMIRCANGRSRPVW,0.9999713,P0DKT7,,Basic phospholipase A2 cannitoxin alpha chain (svPLA2) (EC 3.1.1.4) (Phosphatidylcholine 2-acylhydrolase)
FVNQHLCGSHLVEALELVCGERGGFYTPK,>1A7F_2|Chain B|INSULIN|Homo sapiens (9606),QQRLGNQWAVGHLM,0.9999709,P84214,PF02044;,Bombesin
FVNQHLCGSHLVEALELVCGERGGFYTPK,>1A7F_2|Chain B|INSULIN|Homo sapiens (9606),VAGKSFVPIALGRQSKQTPF,0.9999708,P80825,,44 kDa cell wall protein 2
FVNQHLCGSHLVEALELVCGERGGFYTPK,>1A7F_2|Chain B|INSULIN|Homo sapiens (9606),SLVELGKMILQETGKNPVTYGAY,0.9999707,Q9PRT7,,Phospholipase A2 homolog 4 (svPLA2 homolog) (Myotoxin IV)
FVNQHLCGSHLVEALELVCGERGGFYTPK,>1A7F_2|Chain B|INSULIN|Homo sapiens (9606),GCIGRNESQKKDNVYKFKE,0.9999706,P31010,,U7-ctenitoxin-Pn1b (U7-CNTX-Pn1b) (Neurotoxin Tx3)
FVNQHLCGSHLVEALELVCGERGGFYTPK,>1A7F_2|Chain B|INSULIN|Homo sapiens (9606),IVSYPDDAGEHAHKMG,0.99996936,P86129,,Riparin-5.1
FVNQHLCGSHLVEALELVCGERGGFYTPK,>1A7F_2|Chain B|INSULIN|Homo sapiens (9606),GIEKIISRSMFDQMLKHRNNPASFG,0.99996924,P81241,,Bifunctional chitinase/lysozyme [Includes: Chitinase (EC 3.2.1.14); Lysozyme (EC 3.2.1.17)]
FVNQHLCGSHLVEALELVCGERGGFYTPK,>1A7F_2|Chain B|INSULIN|Homo sapiens (9606),TVTPEQDRYLQVKKY,0.9999692,P0DM46,,Zinc metalloproteinase-disintegrin-like (EC 3.4.24.-) (Snake venom metalloproteinase) (SVMP)
FVNQHLCGSHLVEALELVCGERGGFYTPK,>1A7F_2|Chain B|INSULIN|Homo sapiens (9606),LGYITCPGSNLGTLR,0.9999682,P11918,,Lombricine kinase (LK) (EC 2.7.3.5)
FVNQHLCGSHLVEALELVCGERGGFYTPK,>1A7F_2|Chain B|INSULIN|Homo sapiens (9606),SVLEIGLMLQEETEKNPKTSYSI,0.9999682,P0DKL7,,Basic phospholipase A2 homolog Vur-S49 analog (svPLA2 homolog)
FVNQHLCGSHLVEALELVCGERGGFYTPK,>1A7F_2|Chain B|INSULIN|Homo sapiens (9606),MYDESTGYSSALK,0.99996793,P85355,,Endochitinase 3 (EC 3.2.1.14)
FVNQHLCGSHLVEALELVCGERGGFYTPK,>1A7F_2|Chain B|INSULIN|Homo sapiens (9606),SATAAREEYQRKRSQFIEIG,0.99996793,P84812,,Monoalkyl phthalate esterase (EC 3.1.1.-)
FVNQHLCGSHLVEALELVCGERGGFYTPK,>1A7F_2|Chain B|INSULIN|Homo sapiens (9606),LHSNLEYQYRYSGRVASGIP,0.99996793,P81070,,Fibrinogen (VHDL)
FVNQHLCGSHLVEALELVCGERGGFYTPK,>1A7F_2|Chain B|INSULIN|Homo sapiens (9606),APQANSFYVGAKAGD,0.99996775,P85410,,Outer membrane protein P5 (OMP P5) (Outer membrane protein A)
FVNQHLCGSHLVEALELVCGERGGFYTPK,>1A7F_2|Chain B|INSULIN|Homo sapiens (9606),ALPSFSRADRYGXRQ,0.9999675,P0C8B9,,Scolopendra 4767.06 Da toxin
FVNQHLCGSHLVEALELVCGERGGFYTPK,>1A7F_2|Chain B|INSULIN|Homo sapiens (9606),ALPSFSRADRYGXRQ,0.9999675,P0C8B8,,Scolopendra 4722.07 Da toxin
FVNQHLCGSHLVEALELVCGERGGFYTPK,>1A7F_2|Chain B|INSULIN|Homo sapiens (9606),SIQVIVVTDGERGLIYPPLSNIR,0.9999671,P84539,,NADP-dependent malic enzyme (NADP-ME) (EC 1.1.1.40)
FVNQHLCGSHLVEALELVCGERGGFYTPK,>1A7F_2|Chain B|INSULIN|Homo sapiens (9606),RLKVIPEKLKDVKLVCTDVFGDN,0.9999671,P19662,,Uridine phosphorylase (EC 2.4.2.3) (UDRPase)
FVNQHLCGSHLVEALELVCGERGGFYTPK,>1A7F_2|Chain B|INSULIN|Homo sapiens (9606),DVIGPQAQVTLANQD,0.99996674,B3EWI3,,Laccase (EC 1.10.3.2)
FVNQHLCGSHLVEALELVCGERGGFYTPK,>1A7F_2|Chain B|INSULIN|Homo sapiens (9606),SGSAKVAFSAIRSTNH,0.99996656,P63181,,Cerebellin-1 (Precerebellin) [Cleaved into: Cerebellin (CER); [des-Ser1]-cerebellin]
FVNQHLCGSHLVEALELVCGERGGFYTPK,>1A7F_2|Chain B|INSULIN|Homo sapiens (9606),NLFQFAEMIVKMTGKEAVH,0.9999665,P0DKX1,,Neutral phospholipase A2 RVV-PFIIc' (svPLA2) (EC 3.1.1.4) (Phosphatidylcholine 2-acylhydrolase)
FVNQHLCGSHLVEALELVCGERGGFYTPK,>1A7F_2|Chain B|INSULIN|Homo sapiens (9606),FLPKMSTKLRVPYRRGTKDYH,0.9999665,P0CH48,,Antimicrobial peptide scolopin-1
FVNQHLCGSHLVEALELVCGERGGFYTPK,>1A7F_2|Chain B|INSULIN|Homo sapiens (9606),VKSTGRADDDLAVKTKYLPP,0.99996644,P83986,,Cicerarin
FVNQHLCGSHLVEALELVCGERGGFYTPK,>1A7F_2|Chain B|INSULIN|Homo sapiens (9606),STIEVRNNSPYYSVD,0.99996644,P80781,,Osmotin-like protein
FVNQHLCGSHLVEALELVCGERGGFYTPK,>1A7F_2|Chain B|INSULIN|Homo sapiens (9606),SNTSHQDFHLFYGDNGMPVH,0.9999663,P80980,,"Cytochrome c oxidase subunit 7B-heart, mitochondrial (EC 7.1.1.9) (Cytochrome c oxidase polypeptide VIIb-heart)"
FVNQHLCGSHLVEALELVCGERGGFYTPK,>1A7F_2|Chain B|INSULIN|Homo sapiens (9606),VSCADILTMATRQFDNVYYKNLQQGK,0.9999662,P86014,,Peroxidase 1 (EC 1.11.1.7)
FVNQHLCGSHLVEALELVCGERGGFYTPK,>1A7F_2|Chain B|INSULIN|Homo sapiens (9606),AFVKGSAQRVAHGY,0.99996614,P0C260,,Conomap-Vt (Conp-Vt)
FVNQHLCGSHLVEALELVCGERGGFYTPK,>1A7F_2|Chain B|INSULIN|Homo sapiens (9606),VAGKSFVPIAAGRQ,0.999966,P80806,,44 kDa cell wall protein
FVNQHLCGSHLVEALELVCGERGGFYTPK,>1A7F_2|Chain B|INSULIN|Homo sapiens (9606),NLVQLGKMIFQETGKNPATSYGL,0.999966,P0DJQ0,,Basic phospholipase A2 CTs-G6 (svPLA2) (EC 3.1.1.4) (Phosphatidylcholine 2-acylhydrolase)
FVNQHLCGSHLVEALELVCGERGGFYTPK,>1A7F_2|Chain B|INSULIN|Homo sapiens (9606),SGYLPGKEYVYKYKGKVF,0.9999659,C0HJF8,,Longipin
FVNQHLCGSHLVEALELVCGERGGFYTPK,>1A7F_2|Chain B|INSULIN|Homo sapiens (9606),NQCPQAYSYAK,0.9999658,P85340,,Thaumatin-like protein 2
FVNQHLCGSHLVEALELVCGERGGFYTPK,>1A7F_2|Chain B|INSULIN|Homo sapiens (9606),DCCYGRVNGCNPKMADKNYE,0.9999658,P0DKR4,,Acidic phospholipase A2 CbIbeta (svPLA2) (EC 3.1.1.4) (Phosphatidylcholine 2-acylhydrolase)
FVNQHLCGSHLVEALELVCGERGGFYTPK,>1A7F_2|Chain B|INSULIN|Homo sapiens (9606),FLNPFRWVINKYR,0.9999658,B3EWX3,,Short cationic peptide-6c (SCP-6c) (Short cationic peptide-6i) (SCP-6i) (Truncated variant of Cupiennin 6 family)
FVNQHLCGSHLVEALELVCGERGGFYTPK,>1A7F_2|Chain B|INSULIN|Homo sapiens (9606),MGQGAVEGQLFYNVQ,0.99996567,P80777,,30 kDa cell wall protein
FVNQHLCGSHLVEALELVCGERGGFYTPK,>1A7F_2|Chain B|INSULIN|Homo sapiens (9606),AHSDAVTPLPARSKV,0.99996567,P80757,,24 kDa cell wall protein
FVNQHLCGSHLVEALELVCGERGGFYTPK,>1A7F_2|Chain B|INSULIN|Homo sapiens (9606),VVGGDECNINDHRSLVRIF,0.99996555,P0DJF7,,Thrombin-like enzyme purpurase (SVTLE purpurase) (EC 3.4.21.-) (Fibrinogen-clotting enzyme) (Snake venom serine protease) (SVSP)
FVNQHLCGSHLVEALELVCGERGGFYTPK,>1A7F_2|Chain B|INSULIN|Homo sapiens (9606),SDNSVVLRYGDGEYSYPVVD,0.99996537,P20903,,Citrate synthase (EC 2.3.3.16)
FVNQHLCGSHLVEALELVCGERGGFYTPK,>1A7F_2|Chain B|INSULIN|Homo sapiens (9606),VSTAPYGAWQSPID,0.99996525,P81801,,Puromycin-hydrolyzing enzyme (EC 3.-.-.-)
FVNQHLCGSHLVEALELVCGERGGFYTPK,>1A7F_2|Chain B|INSULIN|Homo sapiens (9606),EGKAIGLAKPRMDST,0.9999652,P80798,,65 kDa cell wall protein
FVNQHLCGSHLVEALELVCGERGGFYTPK,>1A7F_2|Chain B|INSULIN|Homo sapiens (9606),RPRPQQFFGLM,0.9999651,P19850,PF02202;,Substance P
FVNQHLCGSHLVEALELVCGERGGFYTPK,>1A7F_2|Chain B|INSULIN|Homo sapiens (9606),SNQPQHFGDGTRLSIL,0.99996495,A0A0J9YXM7,,T cell receptor beta joining 1-5
FVNQHLCGSHLVEALELVCGERGGFYTPK,>1A7F_2|Chain B|INSULIN|Homo sapiens (9606),DFFFQGLNTPR,0.99996483,P85354,,Germin-like protein 4
FVNQHLCGSHLVEALELVCGERGGFYTPK,>1A7F_2|Chain B|INSULIN|Homo sapiens (9606),QHWSYGLQPG,0.99996465,P37041,PF00446;,Gonadoliberin-1 (Gonadoliberin I) (Gonadotropin-releasing hormone I) (GnRH-I) (LH-RH I) (Luliberin I)
FVNQHLCGSHLVEALELVCGERGGFYTPK,>1A7F_2|Chain B|INSULIN|Homo sapiens (9606),CTMLNVLTGTQEGLR,0.9999646,P86056,,Peroxidase 3 (EC 1.11.1.7)
FVNQHLCGSHLVEALELVCGERGGFYTPK,>1A7F_2|Chain B|INSULIN|Homo sapiens (9606),QLASDDYGHMRF,0.9999646,P47733,PF08257;,Sulfakinin (Lom-SK)
FVNQHLCGSHLVEALELVCGERGGFYTPK,>1A7F_2|Chain B|INSULIN|Homo sapiens (9606),GPPYQPLVPR,0.99996454,P86447,,Helokinestatin-1 (Helokinestatin)
FVNQHLCGSHLVEALELVCGERGGFYTPK,>1A7F_2|Chain B|INSULIN|Homo sapiens (9606),GPPYQPLVPR,0.99996454,P86446,,Helokinestatin-1
FVNQHLCGSHLVEALELVCGERGGFYTPK,>1A7F_2|Chain B|INSULIN|Homo sapiens (9606),ANDPDFPYTVQANRP,0.99996454,P80812,,40 kDa cell wall protein
FVNQHLCGSHLVEALELVCGERGGFYTPK,>1A7F_2|Chain B|INSULIN|Homo sapiens (9606),NLYQFGNMIQCTIPGSNPLL,0.9999645,P0CAT0,,Phospholipase A2 D5 (svPLA2) (EC 3.1.1.4) (Phosphatidylcholine 2-acylhydrolase)
FVNQHLCGSHLVEALELVCGERGGFYTPK,>1A7F_2|Chain B|INSULIN|Homo sapiens (9606),SEDETRLVKNLFSGYNKVVRPVNH,0.9999645,P09688,,Acetylcholine receptor subunit alpha
FVNQHLCGSHLVEALELVCGERGGFYTPK,>1A7F_2|Chain B|INSULIN|Homo sapiens (9606),SNTALRRYNQWATGHFM,0.99996436,P08952,PF02044;,Ranatensin-R
FVNQHLCGSHLVEALELVCGERGGFYTPK,>1A7F_2|Chain B|INSULIN|Homo sapiens (9606),MAVKAISGCDKDQELI,0.99996424,P32371,,Bile acid-inducible operon protein I
FVNQHLCGSHLVEALELVCGERGGFYTPK,>1A7F_2|Chain B|INSULIN|Homo sapiens (9606),ANQTYFNFQRFEETN,0.9999642,P83956,,Lectin 31 kDa subunit (Hemagglutinin 31 kDa subunit)
FVNQHLCGSHLVEALELVCGERGGFYTPK,>1A7F_2|Chain B|INSULIN|Homo sapiens (9606),ALVEDPQMQKYHKH,0.9999642,P80819,,23 kDa cell wall protein
FVNQHLCGSHLVEALELVCGERGGFYTPK,>1A7F_2|Chain B|INSULIN|Homo sapiens (9606),APACVGFQGMR,0.9999641,P85806,,Tachykinin-related peptide 5 (Rhopr-TRP-5)
FVNQHLCGSHLVEALELVCGERGGFYTPK,>1A7F_2|Chain B|INSULIN|Homo sapiens (9606),NLAPLDLQTPTAFDNNYYK,0.9999641,P85334,,Peroxidase 3 (EC 1.11.1.7)
FVNQHLCGSHLVEALELVCGERGGFYTPK,>1A7F_2|Chain B|INSULIN|Homo sapiens (9606),VVNTPGHAVSYHVY,0.99996406,P82965,,Antidiuretic factor A (ADF) (ADFa) (Antidiuretic hormone A) (ADHA)
FVNQHLCGSHLVEALELVCGERGGFYTPK,>1A7F_2|Chain B|INSULIN|Homo sapiens (9606),AVPDKIDPRESGYVTGVKDQ,0.999964,Q09093,,Cathepsin L1 (EC 3.4.22.15)
FVNQHLCGSHLVEALELVCGERGGFYTPK,>1A7F_2|Chain B|INSULIN|Homo sapiens (9606),GCPQTPRCTNYAEKGQCPPN,0.999964,P0DJ30,,Antimicrobial peptide AJN-10
FVNQHLCGSHLVEALELVCGERGGFYTPK,>1A7F_2|Chain B|INSULIN|Homo sapiens (9606),QFRPSYQIPP,0.99996394,P86643,,Bradykinin-potentiating peptide Phypo Xa (BPP)
FVNQHLCGSHLVEALELVCGERGGFYTPK,>1A7F_2|Chain B|INSULIN|Homo sapiens (9606),QFRPSYQIPP,0.99996394,P85165,,Bradykinin-potentiating peptide Phypo Xa (BPP)
FVNQHLCGSHLVEALELVCGERGGFYTPK,>1A7F_2|Chain B|INSULIN|Homo sapiens (9606),TLNKVYKFDRDRRFL,0.9999639,P83204,,Placental protein
FVNQHLCGSHLVEALELVCGERGGFYTPK,>1A7F_2|Chain B|INSULIN|Homo sapiens (9606),KMLGVVAKKPMSDYE,0.9999639,P80978,,Cytochrome c oxidase subunit 6C-2 (Cytochrome c oxidase polypeptide VIc-2)
FVNQHLCGSHLVEALELVCGERGGFYTPK,>1A7F_2|Chain B|INSULIN|Homo sapiens (9606),GSPKYCHLPADPGPC,0.9999639,P0DM47,,Protease inhibitor (MALT0027C)
FVNQHLCGSHLVEALELVCGERGGFYTPK,>1A7F_2|Chain B|INSULIN|Homo sapiens (9606),LVSVSPAFNGNYFVE,0.9999639,P0C8I7,,Factor X-activator 1 heavy chain (VAFXA-I HC) (EC 3.4.24.-) (Snake venom metalloproteinase) (SVMP)
FVNQHLCGSHLVEALELVCGERGGFYTPK,>1A7F_2|Chain B|INSULIN|Homo sapiens (9606),NSVVLGKKQRFHSWG,0.9999639,B3EWL0,,Leucokinin-like peptide
FVNQHLCGSHLVEALELVCGERGGFYTPK,>1A7F_2|Chain B|INSULIN|Homo sapiens (9606),SENTGAIGKVFPRGNHWAVGHLM,0.99996364,Q9PS30,PF02044;,Gastrin-releasing peptide (GRP)
FVNQHLCGSHLVEALELVCGERGGFYTPK,>1A7F_2|Chain B|INSULIN|Homo sapiens (9606),SYPNKQPYGPSGFWM,0.99996364,P85218,,"Endoglucanase 1 (EC 3.2.1.4) (Endo-1,4-beta-D-glucanase 1)"
FVNQHLCGSHLVEALELVCGERGGFYTPK,>1A7F_2|Chain B|INSULIN|Homo sapiens (9606),NPVVRITNGAIRGQN,0.99996364,P81011,,Esterase 56 kDa subunit (EC 3.1.1.1) (Carboxylic-ester hydrolase)
FVNQHLCGSHLVEALELVCGERGGFYTPK,>1A7F_2|Chain B|INSULIN|Homo sapiens (9606),IVGGTEVTPGEIPYQLSLQD,0.99996364,P34155,,Collagenolytic protease 36 kDa (EC 3.4.21.32)
FVNQHLCGSHLVEALELVCGERGGFYTPK,>1A7F_2|Chain B|INSULIN|Homo sapiens (9606),QLYENKSRRPYIL,0.99996364,P32560,,Neurotensin (NT)
FVNQHLCGSHLVEALELVCGERGGFYTPK,>1A7F_2|Chain B|INSULIN|Homo sapiens (9606),IVGGTEVTPGEIPYQLSLQD,0.99996364,P20732,,Collagenolytic protease 36 kDa A (EC 3.4.21.32)
FVNQHLCGSHLVEALELVCGERGGFYTPK,>1A7F_2|Chain B|INSULIN|Homo sapiens (9606),PAPETNYLRDP,0.99996364,B3A0E7,,Extended FMRFamide-10 (FMRFa-10)
FVNQHLCGSHLVEALELVCGERGGFYTPK,>1A7F_2|Chain B|INSULIN|Homo sapiens (9606),GRDAYIADSENCTYT,0.9999635,P0CF76,,Toxin BmKNJX11
FVNQHLCGSHLVEALELVCGERGGFYTPK,>1A7F_2|Chain B|INSULIN|Homo sapiens (9606),QGRLGTQWAVGHLM,0.99996346,P08944,PF02044;,Alytesin
FVNQHLCGSHLVEALELVCGERGGFYTPK,>1A7F_2|Chain B|INSULIN|Homo sapiens (9606),YLGPTADSTMDQTFANN,0.9999634,P86058,,Peroxidase 5 (EC 1.11.1.7)
FVNQHLCGSHLVEALELVCGERGGFYTPK,>1A7F_2|Chain B|INSULIN|Homo sapiens (9606),YMVIQGEPGAVIRLGDYLIDQGL,0.9999634,P85984,,Profilin (Pollen allergen Beta v 2) (allergen Beta v 2)
FVNQHLCGSHLVEALELVCGERGGFYTPK,>1A7F_2|Chain B|INSULIN|Homo sapiens (9606),VGKFPLLANSR,0.9999634,P84545,,Dihydrolipoyl dehydrogenase (EC 1.8.1.4) (Dihydrolipoamide dehydrogenase)
FVNQHLCGSHLVEALELVCGERGGFYTPK,>1A7F_2|Chain B|INSULIN|Homo sapiens (9606),MGQEQGIPWIL,0.9999634,B3EUR5,,Protein PB1-F2
FVNQHLCGSHLVEALELVCGERGGFYTPK,>1A7F_2|Chain B|INSULIN|Homo sapiens (9606),GVIAWELQHNEPGRKDSTAG,0.99996334,P07448,,Dentinal fluid transport-stimulating peptide (DFT-stimulating peptide)
FVNQHLCGSHLVEALELVCGERGGFYTPK,>1A7F_2|Chain B|INSULIN|Homo sapiens (9606),NLDTPYCFYSGDYGG,0.9999633,P0DUW7,,Antioxidant protein SmP90
FVNQHLCGSHLVEALELVCGERGGFYTPK,>1A7F_2|Chain B|INSULIN|Homo sapiens (9606),VQPPHSHGDNFYIWT,0.9999633,C0HJL9,,Tannase (EC 3.1.1.20) (Tannin acylhydrolase)
FVNQHLCGSHLVEALELVCGERGGFYTPK,>1A7F_2|Chain B|INSULIN|Homo sapiens (9606),AITAGALQPGRLSVHREPWGFSREQAV,0.9999632,Q5R4Y3,,Small integral membrane protein 43
FVNQHLCGSHLVEALELVCGERGGFYTPK,>1A7F_2|Chain B|INSULIN|Homo sapiens (9606),NLIQLSNMIKCAIPGSQPLF,0.99996316,Q7LZG5,,Phospholipase A2 II-5b (svPLA2) (EC 3.1.1.4) (Notechis II-5b non-toxic venom protein) (Phosphatidylcholine 2-acylhydrolase)
FVNQHLCGSHLVEALELVCGERGGFYTPK,>1A7F_2|Chain B|INSULIN|Homo sapiens (9606),GSASGLISMPRV,0.99996316,P84374,PF08259;,Periviscerokinin-2 type 1 (PVK-2 type 1)
FVNQHLCGSHLVEALELVCGERGGFYTPK,>1A7F_2|Chain B|INSULIN|Homo sapiens (9606),GCCSYPPCFATNSGYC,0.99996316,P56641,,Alpha-conotoxin AuIC
FVNQHLCGSHLVEALELVCGERGGFYTPK,>1A7F_2|Chain B|INSULIN|Homo sapiens (9606),GADDSDWRKKGAVNVIXKDQGQ,0.99996316,P33404,,Cysteine proteinase (EC 3.4.22.-)
FVNQHLCGSHLVEALELVCGERGGFYTPK,>1A7F_2|Chain B|INSULIN|Homo sapiens (9606),EPTPRSFNGDKVFRV,0.9999631,P19628,,Carboxypeptidase B (EC 3.4.17.2)
FVNQHLCGSHLVEALELVCGERGGFYTPK,>1A7F_2|Chain B|INSULIN|Homo sapiens (9606),MAAYLDPTGQY,0.9999631,C0HJX5,,Peptide tarsal-less 2A (Peptide polished rice 2)
FVNQHLCGSHLVEALELVCGERGGFYTPK,>1A7F_2|Chain B|INSULIN|Homo sapiens (9606),MAAYLDPTGQY,0.9999631,C0HJX4,,Peptide tarsal-less 1A (Peptide polished rice 1)
FVNQHLCGSHLVEALELVCGERGGFYTPK,>1A7F_2|Chain B|INSULIN|Homo sapiens (9606),QVSLKYPEGKMYSFGL,0.99996305,P85824,,Allatostatin-3 (Rhopr-AST-3)
FVNQHLCGSHLVEALELVCGERGGFYTPK,>1A7F_2|Chain B|INSULIN|Homo sapiens (9606),QRLGHQWAVGHLM,0.99996305,P84212,PF02044;,Bombesin-like peptide 1
FVNQHLCGSHLVEALELVCGERGGFYTPK,>1A7F_2|Chain B|INSULIN|Homo sapiens (9606),NYMKPKLLYXSNGGH,0.99996305,P18651,,Fibroblast growth factor 1 (FGF-1) (Acidic fibroblast growth factor) (aFGF) (Endothelial cell growth factor) (ECGF) (Heparin-binding growth factor 1) (HBGF-1)
FVNQHLCGSHLVEALELVCGERGGFYTPK,>1A7F_2|Chain B|INSULIN|Homo sapiens (9606),ASSGLISMPRV,0.9999629,P85678,PF08259;,Periviscerokinin-1 (MasDa-PVK-1)
FVNQHLCGSHLVEALELVCGERGGFYTPK,>1A7F_2|Chain B|INSULIN|Homo sapiens (9606),RGSNLTHPLRNIGDLFYVGN,0.9999629,P85319,,Pregnancy-associated glycoprotein 67A (EC 3.4.23.-) (EbPAG-A 67 kDa)
FVNQHLCGSHLVEALELVCGERGGFYTPK,>1A7F_2|Chain B|INSULIN|Homo sapiens (9606),VAGRSVVKIAEGYL,0.9999629,P80766,,53 kDa cell wall protein
FVNQHLCGSHLVEALELVCGERGGFYTPK,>1A7F_2|Chain B|INSULIN|Homo sapiens (9606),SPVAASYRATAGLAGKALDF,0.9999629,P19094,,C-reactive protein
